;pahts
0;Cat3_pat38_meting2_oef6.csv
1;Cat2_pat12_meting10_oef6.csv
2;Cat2_pat33_meting20_oef3.csv
3;Cat2_pat3_meting20_oef6.csv
4;Cat2_pat4_meting20_oef5.csv
5;Cat2_pat33_meting20_oef4.csv
6;Cat2_pat1_meting20_oef6.csv
7;Cat2_pat36_meting10_oef9.csv
8;Cat2_pat12_meting10_oef4.csv
9;Cat1_pat8_meting10_oef7.csv
10;Cat2_pat21_meting10_oef8.csv
11;Cat2_pat33_meting10_oef8.csv
12;Cat2_pat20_meting10_oef10.csv
13;Cat1_pat29_meting10_oef6.csv
14;Cat2_pat10_meting20_oef5.csv
15;Cat3_pat39_meting2_oef3.csv
16;Cat1_pat8_meting10_oef11.csv
17;Cat2_pat14_meting20_oef10.csv
18;Cat4_pat20_meting1_oef15.csv
19;Cat2_pat20_meting10_oef6.csv
20;Cat2_pat25_meting20_oef2.csv
21;Cat1_pat17_meting10_oef5.csv
22;Cat1_pat12_meting10_oef6.csv
23;Cat3_pat11_meting1_oef6.csv
24;Cat3_pat37_meting1_oef6.csv
25;Cat1_pat16_meting10_oef4.csv
26;Cat1_pat6_meting10_oef9.csv
27;Cat4_pat12_meting2_oef10.csv
28;Cat2_pat3_meting20_oef9.csv
29;Cat1_pat26_meting10_oef5.csv
30;Cat4_pat24_meting1_oef7.csv
31;Cat2_pat2_meting20_oef5.csv
32;Cat1_pat15_meting10_oef8.csv
33;Cat3_pat5_meting1_oef6.csv
34;Cat2_pat7_meting10_oef2.csv
35;Cat3_pat25_meting2_oef5.csv
36;Cat3_pat18_meting1_oef3.csv
37;Cat1_pat6_meting10_oef6.csv
38;Cat4_pat20_meting1_oef22.csv
39;Cat2_pat6_meting20_oef8.csv
40;Cat1_pat14_meting10_oef9.csv
41;Cat2_pat29_meting20_oef3.csv
42;Cat2_pat36_meting10_oef11.csv
43;Cat3_pat11_meting2_oef6.csv
44;Cat1_pat19_meting10_oef11.csv
45;Cat3_pat22_meting1_oef4.csv
46;Cat2_pat32_meting10_oef10.csv
47;Cat2_pat24_meting20_oef3.csv
48;Cat3_pat29_meting2_oef2.csv
49;Cat2_pat34_meting10_oef8.csv
50;Cat1_pat22_meting10_oef11.csv
51;Cat4_pat20_meting1_oef2.csv
52;Cat2_pat38_meting10_oef10.csv
53;Cat2_pat1_meting20_oef7.csv
54;Cat1_pat3_meting10_oef5.csv
55;Cat1_pat10_meting10_oef10.csv
56;Cat2_pat25_meting10_oef2.csv
57;Cat3_pat3_meting2_oef3.csv
58;Cat4_pat23_meting2_oef10.csv
59;Cat3_pat30_meting1_oef4.csv
60;Cat3_pat33_meting2_oef6.csv
61;Cat2_pat1_meting10_oef10.csv
62;Cat4_pat17_meting1_oef2.csv
63;Cat2_pat9_meting10_oef2.csv
64;Cat2_pat24_meting20_oef6.csv
65;Cat3_pat14_meting1_oef4.csv
66;Cat2_pat15_meting20_oef5.csv
67;Cat2_pat24_meting20_oef7.csv
68;Cat1_pat26_meting10_oef6.csv
69;Cat3_pat12_meting1_oef3.csv
70;Cat3_pat37_meting1_oef5.csv
71;Cat1_pat4_meting10_oef5.csv
72;Cat2_pat14_meting10_oef8.csv
73;Cat2_pat11_meting10_oef6.csv
74;Cat1_pat13_meting10_oef4.csv
75;Cat2_pat8_meting20_oef11.csv
76;Cat4_pat24_meting2_oef18.csv
77;Cat2_pat10_meting20_oef9.csv
78;Cat1_pat8_meting10_oef5.csv
79;Cat3_pat11_meting2_oef2.csv
80;Cat4_pat14_meting1_oef18.csv
81;Cat4_pat20_meting1_oef13.csv
82;Cat4_pat14_meting1_oef11.csv
83;Cat4_pat12_meting1_oef10.csv
84;Cat2_pat11_meting20_oef10.csv
85;Cat2_pat1_meting10_oef4.csv
86;Cat3_pat11_meting2_oef4.csv
87;Cat1_pat11_meting10_oef9.csv
88;Cat3_pat26_meting1_oef3.csv
89;Cat4_pat24_meting1_oef18.csv
90;Cat2_pat4_meting10_oef2.csv
91;Cat2_pat23_meting20_oef7.csv
92;Cat4_pat14_meting2_oef22.csv
93;Cat4_pat14_meting1_oef6.csv
94;Cat4_pat14_meting1_oef10.csv
95;Cat1_pat20_meting10_oef6.csv
96;Cat2_pat23_meting10_oef10.csv
97;Cat2_pat6_meting10_oef8.csv
98;Cat1_pat22_meting10_oef9.csv
99;Cat1_pat18_meting10_oef6.csv
100;Cat3_pat5_meting1_oef2.csv
101;Cat3_pat35_meting1_oef3.csv
102;Cat3_pat33_meting2_oef4.csv
103;Cat3_pat22_meting1_oef6.csv
104;Cat3_pat6_meting2_oef4.csv
105;Cat2_pat6_meting20_oef3.csv
106;Cat3_pat12_meting1_oef4.csv
107;Cat1_pat23_meting10_oef2.csv
108;Cat1_pat20_meting10_oef11.csv
109;Cat4_pat20_meting2_oef14.csv
110;Cat3_pat9_meting1_oef6.csv
111;Cat3_pat10_meting2_oef4.csv
112;Cat4_pat12_meting1_oef3.csv
113;Cat4_pat20_meting1_oef16.csv
114;Cat4_pat20_meting1_oef12.csv
115;Cat2_pat39_meting10_oef10.csv
116;Cat3_pat32_meting1_oef3.csv
117;Cat1_pat13_meting10_oef6.csv
118;Cat4_pat17_meting2_oef6.csv
119;Cat3_pat34_meting1_oef2.csv
120;Cat2_pat23_meting20_oef3.csv
121;Cat3_pat15_meting1_oef3.csv
122;Cat3_pat9_meting2_oef6.csv
123;Cat1_pat5_meting10_oef7.csv
124;Cat3_pat11_meting1_oef3.csv
125;Cat4_pat12_meting2_oef3.csv
126;Cat2_pat38_meting10_oef9.csv
127;Cat1_pat17_meting10_oef6.csv
128;Cat3_pat6_meting1_oef2.csv
129;Cat1_pat29_meting10_oef10.csv
130;Cat1_pat5_meting10_oef8.csv
131;Cat2_pat28_meting10_oef10.csv
132;Cat4_pat14_meting2_oef19.csv
133;Cat3_pat33_meting2_oef5.csv
134;Cat2_pat31_meting10_oef8.csv
135;Cat4_pat15_meting2_oef7.csv
136;Cat1_pat29_meting10_oef3.csv
137;Cat3_pat13_meting1_oef6.csv
138;Cat2_pat10_meting10_oef6.csv
139;Cat2_pat30_meting20_oef2.csv
140;Cat2_pat3_meting10_oef6.csv
141;Cat3_pat37_meting1_oef4.csv
142;Cat1_pat21_meting10_oef7.csv
143;Cat2_pat23_meting20_oef11.csv
144;Cat1_pat23_meting10_oef11.csv
145;Cat2_pat30_meting20_oef5.csv
146;Cat2_pat22_meting20_oef7.csv
147;Cat2_pat14_meting20_oef11.csv
148;Cat2_pat29_meting20_oef2.csv
149;Cat2_pat2_meting10_oef6.csv
150;Cat2_pat29_meting20_oef9.csv
151;Cat4_pat11_meting2_oef6.csv
152;Cat2_pat2_meting20_oef7.csv
153;Cat4_pat23_meting1_oef18.csv
154;Cat2_pat25_meting20_oef3.csv
155;Cat3_pat26_meting2_oef5.csv
156;Cat2_pat20_meting10_oef4.csv
157;Cat4_pat14_meting2_oef3.csv
158;Cat1_pat8_meting10_oef10.csv
159;Cat3_pat3_meting1_oef6.csv
160;Cat4_pat17_meting2_oef10.csv
161;Cat1_pat15_meting10_oef5.csv
162;StudentNummers
163;Cat4_pat14_meting1_oef2.csv
164;Cat1_pat7_meting10_oef11.csv
165;Cat3_pat8_meting1_oef5.csv
166;Cat2_pat21_meting20_oef10.csv
167;Cat4_pat6_meting2_oef15.csv
168;Cat2_pat15_meting10_oef8.csv
169;Cat4_pat24_meting1_oef11.csv
170;Cat2_pat14_meting10_oef10.csv
171;Cat4_pat20_meting2_oef19.csv
172;Cat2_pat24_meting10_oef8.csv
173;Cat2_pat6_meting10_oef2.csv
174;Cat3_pat15_meting2_oef6.csv
175;Cat1_pat22_meting10_oef7.csv
176;Cat4_pat23_meting1_oef8.csv
177;Cat2_pat6_meting20_oef5.csv
178;Cat1_pat5_meting10_oef5.csv
179;Cat3_pat3_meting2_oef4.csv
180;Cat1_pat19_meting10_oef9.csv
181;Cat1_pat4_meting10_oef7.csv
182;Cat2_pat28_meting20_oef8.csv
183;Cat3_pat18_meting2_oef6.csv
184;Cat3_pat38_meting2_oef3.csv
185;Cat1_pat6_meting10_oef7.csv
186;Cat2_pat8_meting20_oef8.csv
187;Cat3_pat31_meting2_oef5.csv
188;Cat2_pat8_meting10_oef8.csv
189;Cat4_pat11_meting2_oef14.csv
190;Cat4_pat15_meting1_oef18.csv
191;Cat3_pat33_meting1_oef4.csv
192;Cat2_pat21_meting20_oef4.csv
193;Cat1_pat24_meting10_oef9.csv
194;Cat2_pat26_meting10_oef2.csv
195;Cat4_pat6_meting1_oef7.csv
196;Cat1_pat5_meting10_oef4.csv
197;Cat1_pat14_meting10_oef4.csv
198;Cat2_pat17_meting20_oef10.csv
199;Cat2_pat34_meting10_oef4.csv
200;Cat2_pat25_meting20_oef6.csv
201;Cat3_pat15_meting2_oef2.csv
202;Cat3_pat21_meting2_oef5.csv
203;Cat1_pat18_meting10_oef3.csv
204;Cat1_pat13_meting10_oef10.csv
205;Cat1_pat4_meting10_oef10.csv
206;Cat1_pat17_meting10_oef3.csv
207;Cat3_pat11_meting2_oef5.csv
208;Cat2_pat11_meting10_oef8.csv
209;Cat1_pat29_meting10_oef5.csv
210;Cat1_pat11_meting10_oef3.csv
211;Cat2_pat31_meting20_oef5.csv
212;Cat2_pat31_meting20_oef4.csv
213;Cat3_pat3_meting1_oef2.csv
214;Cat4_pat20_meting1_oef6.csv
215;Cat1_pat20_meting10_oef4.csv
216;Cat3_pat26_meting2_oef2.csv
217;Cat1_pat26_meting10_oef7.csv
218;Cat3_pat17_meting1_oef4.csv
219;Cat1_pat10_meting10_oef4.csv
220;Cat2_pat26_meting20_oef10.csv
221;Cat2_pat22_meting10_oef2.csv
222;Cat2_pat26_meting10_oef10.csv
223;Cat2_pat22_meting10_oef6.csv
224;Cat3_pat39_meting2_oef5.csv
225;Cat2_pat21_meting10_oef4.csv
226;Cat4_pat11_meting2_oef18.csv
227;Cat3_pat34_meting2_oef3.csv
228;Cat4_pat20_meting1_oef17.csv
229;Cat3_pat34_meting2_oef4.csv
230;Cat2_pat28_meting20_oef3.csv
231;Cat2_pat32_meting10_oef4.csv
232;Cat2_pat6_meting20_oef6.csv
233;Cat2_pat8_meting10_oef2.csv
234;Cat2_pat22_meting20_oef4.csv
235;Cat4_pat20_meting1_oef21.csv
236;Cat3_pat33_meting1_oef2.csv
237;Cat1_pat10_meting10_oef5.csv
238;Cat4_pat11_meting2_oef7.csv
239;Cat2_pat4_meting20_oef6.csv
240;Cat1_pat12_meting10_oef5.csv
241;Cat1_pat2_meting10_oef2.csv
242;Cat4_pat24_meting1_oef14.csv
243;Cat4_pat11_meting1_oef10.csv
244;Cat4_pat23_meting2_oef11.csv
245;Cat1_pat7_meting10_oef4.csv
246;Cat4_pat12_meting1_oef6.csv
247;Cat4_pat14_meting2_oef10.csv
248;Cat3_pat13_meting1_oef5.csv
249;Cat1_pat15_meting10_oef2.csv
250;Cat3_pat7_meting2_oef4.csv
251;Cat3_pat24_meting2_oef6.csv
252;Cat3_pat24_meting2_oef4.csv
253;Cat2_pat33_meting20_oef9.csv
254;Cat3_pat22_meting2_oef3.csv
255;Cat4_pat15_meting2_oef15.csv
256;Cat2_pat36_meting10_oef6.csv
257;Cat2_pat6_meting20_oef9.csv
258;Cat1_pat20_meting10_oef10.csv
259;Cat3_pat21_meting2_oef2.csv
260;Cat1_pat17_meting10_oef11.csv
261;Cat1_pat8_meting10_oef2.csv
262;Cat3_pat31_meting2_oef2.csv
263;Cat3_pat24_meting1_oef2.csv
264;Cat2_pat18_meting10_oef10.csv
265;Cat3_pat29_meting2_oef5.csv
266;Cat3_pat29_meting1_oef4.csv
267;Cat1_pat27_meting10_oef5.csv
268;Cat1_pat1_meting10_oef7.csv
269;Cat1_pat2_meting10_oef8.csv
270;Cat4_pat24_meting2_oef11.csv
271;Cat2_pat21_meting20_oef7.csv
272;Cat3_pat21_meting1_oef5.csv
273;Cat4_pat20_meting2_oef22.csv
274;Cat2_pat1_meting20_oef11.csv
275;Cat3_pat8_meting1_oef2.csv
276;Cat1_pat30_meting10_oef7.csv
277;Cat2_pat28_meting10_oef6.csv
278;Cat4_pat24_meting2_oef10.csv
279;Cat2_pat17_meting10_oef2.csv
280;testset
281;Cat2_pat20_meting10_oef8.csv
282;Cat1_pat29_meting10_oef11.csv
283;Cat3_pat25_meting2_oef3.csv
284;Cat2_pat15_meting20_oef7.csv
285;Cat3_pat12_meting2_oef4.csv
286;Cat2_pat17_meting20_oef6.csv
287;Cat2_pat37_meting10_oef10.csv
288;Cat3_pat11_meting2_oef3.csv
289;Cat2_pat7_meting20_oef10.csv
290;Cat3_pat30_meting2_oef5.csv
291;Cat3_pat6_meting1_oef5.csv
292;Cat2_pat9_meting20_oef9.csv
293;Cat4_pat17_meting2_oef2.csv
294;Cat3_pat24_meting2_oef3.csv
295;Cat2_pat30_meting10_oef8.csv
296;Cat3_pat17_meting1_oef3.csv
297;Cat4_pat24_meting2_oef2.csv
298;Cat1_pat7_meting10_oef10.csv
299;Cat1_pat12_meting10_oef8.csv
300;Cat3_pat16_meting1_oef2.csv
301;Cat2_pat33_meting10_oef6.csv
302;Cat2_pat27_meting10_oef10.csv
303;Cat1_pat16_meting10_oef5.csv
304;Cat2_pat17_meting20_oef7.csv
305;Cat1_pat16_meting10_oef3.csv
306;Cat2_pat32_meting20_oef7.csv
307;Cat4_pat6_meting1_oef18.csv
308;Cat3_pat29_meting2_oef4.csv
309;Cat2_pat14_meting20_oef5.csv
310;Cat1_pat4_meting10_oef8.csv
311;Cat2_pat1_meting20_oef8.csv
312;Cat2_pat10_meting20_oef6.csv
313;Cat1_pat14_meting10_oef3.csv
314;Cat4_pat14_meting1_oef15.csv
315;Cat3_pat12_meting1_oef6.csv
316;Cat2_pat2_meting20_oef2.csv
317;Cat2_pat37_meting10_oef11.csv
318;Cat3_pat38_meting1_oef2.csv
319;Cat4_pat15_meting2_oef18.csv
320;Cat3_pat25_meting1_oef4.csv
321;Cat2_pat6_meting20_oef11.csv
322;Cat4_pat20_meting2_oef3.csv
323;Cat3_pat39_meting1_oef5.csv
324;Cat2_pat24_meting20_oef10.csv
325;Cat1_pat24_meting10_oef10.csv
326;Cat3_pat14_meting2_oef4.csv
327;Cat1_pat7_meting10_oef5.csv
328;Cat2_pat30_meting20_oef8.csv
329;Cat4_pat15_meting2_oef6.csv
330;Cat2_pat4_meting20_oef4.csv
331;Cat3_pat25_meting1_oef5.csv
332;Cat1_pat14_meting10_oef8.csv
333;Cat2_pat7_meting10_oef4.csv
334;Cat2_pat28_meting20_oef4.csv
335;Cat1_pat11_meting10_oef4.csv
336;Cat4_pat12_meting2_oef7.csv
337;Cat1_pat5_meting10_oef10.csv
338;Cat2_pat3_meting10_oef4.csv
339;Cat2_pat17_meting10_oef10.csv
340;Cat2_pat14_meting20_oef7.csv
341;Cat3_pat18_meting1_oef2.csv
342;Cat3_pat38_meting1_oef3.csv
343;Cat4_pat15_meting1_oef14.csv
344;Cat1_pat2_meting10_oef10.csv
345;Cat3_pat21_meting1_oef2.csv
346;Cat1_pat24_meting10_oef4.csv
347;Cat2_pat38_meting10_oef11.csv
348;Cat4_pat23_meting1_oef14.csv
349;Cat3_pat35_meting1_oef4.csv
350;Cat3_pat22_meting2_oef5.csv
351;Cat2_pat26_meting20_oef7.csv
352;Cat1_pat22_meting10_oef3.csv
353;Cat1_pat11_meting10_oef5.csv
354;Cat1_pat2_meting10_oef4.csv
355;Cat4_pat24_meting2_oef8.csv
356;Cat1_pat1_meting10_oef6.csv
357;Cat2_pat39_meting10_oef11.csv
358;Cat2_pat23_meting10_oef8.csv
359;Cat3_pat6_meting2_oef5.csv
360;Cat3_pat24_meting1_oef4.csv
361;Cat2_pat31_meting20_oef7.csv
362;Cat3_pat26_meting1_oef4.csv
363;Cat2_pat2_meting10_oef10.csv
364;Cat2_pat2_meting20_oef11.csv
365;Cat1_pat27_meting10_oef7.csv
366;Cat3_pat39_meting1_oef2.csv
367;Cat2_pat22_meting20_oef9.csv
368;Cat2_pat6_meting20_oef4.csv
369;Cat2_pat3_meting10_oef8.csv
370;Cat1_pat6_meting10_oef2.csv
371;Cat4_pat14_meting1_oef19.csv
372;Cat2_pat21_meting10_oef10.csv
373;Cat1_pat17_meting10_oef2.csv
374;Cat2_pat4_meting20_oef2.csv
375;Cat3_pat38_meting2_oef5.csv
376;Cat2_pat22_meting20_oef6.csv
377;Cat3_pat14_meting1_oef6.csv
378;Cat1_pat11_meting10_oef6.csv
379;Cat2_pat9_meting20_oef3.csv
380;Cat4_pat20_meting2_oef6.csv
381;Cat2_pat33_meting20_oef8.csv
382;Cat2_pat21_meting20_oef6.csv
383;Cat3_pat12_meting2_oef5.csv
384;Cat2_pat30_meting20_oef4.csv
385;Cat2_pat23_meting20_oef5.csv
386;Cat3_pat3_meting2_oef5.csv
387;Cat1_pat24_meting10_oef7.csv
388;Cat3_pat6_meting1_oef6.csv
389;Cat2_pat15_meting10_oef6.csv
390;Cat4_pat14_meting2_oef2.csv
391;Cat3_pat29_meting2_oef6.csv
392;Cat2_pat7_meting20_oef11.csv
393;Cat2_pat39_meting10_oef5.csv
394;Cat2_pat10_meting10_oef4.csv
395;Cat2_pat3_meting10_oef10.csv
396;Cat3_pat15_meting2_oef5.csv
397;Cat2_pat9_meting20_oef4.csv
398;Cat1_pat15_meting10_oef4.csv
399;Cat4_pat12_meting1_oef15.csv
400;Cat2_pat38_meting10_oef6.csv
401;Cat1_pat17_meting10_oef7.csv
402;Cat3_pat20_meting2_oef6.csv
403;Cat2_pat11_meting10_oef10.csv
404;Cat2_pat1_meting20_oef2.csv
405;Cat2_pat39_meting10_oef4.csv
406;Cat3_pat8_meting2_oef3.csv
407;Cat2_pat5_meting10_oef2.csv
408;Cat2_pat15_meting20_oef3.csv
409;Cat2_pat30_meting20_oef6.csv
410;Cat1_pat29_meting10_oef4.csv
411;Cat2_pat27_meting10_oef6.csv
412;Cat3_pat7_meting1_oef6.csv
413;Cat2_pat35_meting10_oef8.csv
414;Cat2_pat5_meting10_oef4.csv
415;Cat2_pat4_meting10_oef8.csv
416;Cat2_pat23_meting20_oef4.csv
417;Cat4_pat23_meting1_oef13.csv
418;Cat2_pat7_meting20_oef8.csv
419;Cat3_pat7_meting1_oef3.csv
420;Cat1_pat5_meting10_oef3.csv
421;Cat2_pat37_meting10_oef7.csv
422;Cat2_pat25_meting20_oef10.csv
423;Cat2_pat24_meting20_oef11.csv
424;Cat4_pat24_meting1_oef6.csv
425;Cat3_pat34_meting2_oef2.csv
426;Cat3_pat25_meting2_oef2.csv
427;Cat3_pat14_meting2_oef6.csv
428;Cat2_pat25_meting20_oef9.csv
429;Cat2_pat32_meting20_oef4.csv
430;Cat2_pat18_meting10_oef8.csv
431;Cat2_pat22_meting20_oef10.csv
432;Cat2_pat11_meting20_oef6.csv
433;Cat2_pat26_meting10_oef8.csv
434;Cat1_pat4_meting10_oef9.csv
435;Cat1_pat1_meting10_oef11.csv
436;Cat4_pat12_meting2_oef2.csv
437;Cat1_pat3_meting10_oef2.csv
438;Cat2_pat26_meting20_oef5.csv
439;Cat4_pat12_meting2_oef19.csv
440;Cat2_pat33_meting20_oef5.csv
441;Cat3_pat7_meting1_oef4.csv
442;Cat2_pat10_meting20_oef7.csv
443;Cat3_pat38_meting2_oef2.csv
444;Cat1_pat4_meting10_oef11.csv
445;Cat2_pat29_meting20_oef10.csv
446;Cat1_pat14_meting10_oef5.csv
447;Cat3_pat37_meting2_oef5.csv
448;Cat2_pat14_meting10_oef6.csv
449;Cat2_pat7_meting10_oef10.csv
450;Cat2_pat5_meting10_oef6.csv
451;Cat4_pat6_meting2_oef18.csv
452;Cat3_pat10_meting2_oef3.csv
453;Cat1_pat10_meting10_oef6.csv
454;Cat4_pat24_meting2_oef15.csv
455;Cat3_pat9_meting2_oef2.csv
456;Cat2_pat3_meting20_oef10.csv
457;Cat3_pat39_meting2_oef6.csv
458;Cat4_pat15_meting1_oef22.csv
459;Cat3_pat6_meting1_oef4.csv
460;Cat3_pat27_meting1_oef2.csv
461;Cat2_pat14_meting20_oef2.csv
462;Cat2_pat23_meting10_oef6.csv
463;Cat4_pat6_meting2_oef7.csv
464;Cat3_pat8_meting1_oef6.csv
465;Cat1_pat3_meting10_oef4.csv
466;Cat3_pat39_meting2_oef2.csv
467;Cat3_pat21_meting1_oef4.csv
468;Cat4_pat20_meting2_oef2.csv
469;Cat2_pat26_meting20_oef4.csv
470;Cat2_pat14_meting20_oef6.csv
471;Cat2_pat28_meting20_oef11.csv
472;Cat2_pat25_meting10_oef10.csv
473;Cat4_pat14_meting2_oef7.csv
474;Cat3_pat12_meting2_oef3.csv
475;Cat4_pat20_meting1_oef18.csv
476;Cat1_pat16_meting10_oef7.csv
477;Cat3_pat18_meting2_oef5.csv
478;Cat3_pat5_meting1_oef3.csv
479;Cat1_pat20_meting10_oef3.csv
480;Cat2_pat30_meting10_oef2.csv
481;Cat2_pat6_meting20_oef10.csv
482;Cat2_pat10_meting20_oef10.csv
483;Cat3_pat17_meting2_oef4.csv
484;Cat4_pat20_meting1_oef9.csv
485;Cat1_pat20_meting10_oef7.csv
486;Cat1_pat8_meting10_oef9.csv
487;Cat4_pat23_meting2_oef15.csv
488;Cat2_pat31_meting20_oef11.csv
489;Cat3_pat11_meting1_oef2.csv
490;Cat1_pat3_meting10_oef9.csv
491;Cat1_pat14_meting10_oef11.csv
492;Cat2_pat31_meting10_oef6.csv
493;Cat4_pat15_meting1_oef6.csv
494;Cat1_pat24_meting10_oef5.csv
495;Cat2_pat10_meting20_oef2.csv
496;Cat3_pat7_meting2_oef2.csv
497;AllPatients.csv
498;Cat2_pat23_meting20_oef9.csv
499;Cat3_pat22_meting1_oef3.csv
500;Cat2_pat22_meting20_oef5.csv
501;Cat4_pat23_meting2_oef2.csv
502;Cat4_pat20_meting1_oef3.csv
503;Cat1_pat8_meting10_oef8.csv
504;Cat1_pat24_meting10_oef6.csv
505;Cat2_pat28_meting20_oef7.csv
506;Cat1_pat6_meting10_oef8.csv
507;Cat2_pat11_meting20_oef3.csv
508;Cat3_pat33_meting2_oef3.csv
509;Cat4_pat6_meting1_oef22.csv
510;Cat1_pat13_meting10_oef11.csv
511;Cat1_pat27_meting10_oef2.csv
512;Cat4_pat11_meting2_oef19.csv
513;Cat2_pat9_meting20_oef7.csv
514;Cat1_pat1_meting10_oef9.csv
515;Cat4_pat6_meting1_oef12.csv
516;Cat1_pat15_meting10_oef9.csv
517;Cat2_pat31_meting20_oef9.csv
518;Cat3_pat12_meting2_oef6.csv
519;Cat2_pat31_meting10_oef4.csv
520;Cat4_pat23_meting1_oef7.csv
521;Cat2_pat33_meting10_oef4.csv
522;Cat4_pat12_meting2_oef18.csv
523;Cat2_pat30_meting20_oef11.csv
524;Cat3_pat3_meting1_oef3.csv
525;Cat3_pat7_meting2_oef5.csv
526;Cat2_pat38_meting10_oef7.csv
527;Cat2_pat17_meting20_oef4.csv
528;Cat2_pat31_meting20_oef8.csv
529;Cat4_pat14_meting2_oef15.csv
530;Cat2_pat12_meting10_oef8.csv
531;Cat1_pat13_meting10_oef8.csv
532;Cat1_pat27_meting10_oef3.csv
533;Cat2_pat25_meting20_oef8.csv
534;Cat2_pat28_meting20_oef10.csv
535;Cat2_pat29_meting20_oef4.csv
536;Cat2_pat25_meting10_oef4.csv
537;Cat3_pat35_meting1_oef5.csv
538;Cat3_pat34_meting1_oef4.csv
539;Cat1_pat4_meting10_oef3.csv
540;Cat1_pat7_meting10_oef2.csv
541;Cat4_pat11_meting2_oef15.csv
542;Cat1_pat13_meting10_oef7.csv
543;Cat4_pat6_meting2_oef11.csv
544;Cat2_pat29_meting20_oef11.csv
545;Cat4_pat17_meting2_oef18.csv
546;Cat1_pat3_meting10_oef3.csv
547;Cat2_pat11_meting20_oef9.csv
548;Cat2_pat8_meting20_oef5.csv
549;Cat4_pat23_meting1_oef15.csv
550;Cat4_pat20_meting1_oef19.csv
551;Cat4_pat23_meting1_oef17.csv
552;Cat1_pat21_meting10_oef8.csv
553;Cat3_pat12_meting1_oef5.csv
554;Cat1_pat10_meting10_oef7.csv
555;Cat3_pat27_meting1_oef4.csv
556;Cat2_pat27_meting10_oef4.csv
557;Cat2_pat28_meting20_oef6.csv
558;Cat4_pat23_meting1_oef9.csv
559;Cat2_pat9_meting20_oef6.csv
560;Cat2_pat10_meting10_oef10.csv
561;Cat1_pat16_meting10_oef10.csv
562;Cat4_pat23_meting1_oef2.csv
563;Cat4_pat12_meting2_oef14.csv
564;Cat4_pat6_meting2_oef14.csv
565;Cat4_pat12_meting1_oef18.csv
566;Cat1_pat16_meting10_oef6.csv
567;Cat2_pat10_meting20_oef11.csv
568;Cat4_pat23_meting2_oef22.csv
569;Cat4_pat24_meting2_oef22.csv
570;Cat1_pat27_meting10_oef6.csv
571;Cat3_pat8_meting1_oef4.csv
572;Cat1_pat3_meting10_oef11.csv
573;Cat2_pat7_meting20_oef9.csv
574;Cat2_pat33_meting20_oef10.csv
575;Cat2_pat17_meting20_oef3.csv
576;Cat3_pat10_meting2_oef6.csv
577;Cat1_pat2_meting10_oef3.csv
578;Cat2_pat29_meting10_oef8.csv
579;Cat1_pat27_meting10_oef9.csv
580;Cat2_pat7_meting20_oef2.csv
581;Cat2_pat5_meting10_oef8.csv
582;Cat4_pat23_meting1_oef21.csv
583;Cat2_pat23_meting20_oef6.csv
584;Cat1_pat24_meting10_oef3.csv
585;Cat2_pat25_meting20_oef11.csv
586;Cat2_pat23_meting10_oef2.csv
587;Cat3_pat17_meting1_oef2.csv
588;Cat2_pat32_meting20_oef2.csv
589;Cat2_pat2_meting20_oef6.csv
590;Cat2_pat35_meting10_oef5.csv
591;Cat1_pat18_meting10_oef8.csv
592;Cat3_pat21_meting1_oef6.csv
593;Cat3_pat13_meting1_oef4.csv
594;Cat2_pat8_meting20_oef2.csv
595;Cat1_pat7_meting10_oef8.csv
596;Cat1_pat23_meting10_oef5.csv
597;Cat3_pat24_meting1_oef3.csv
598;Cat2_pat36_meting10_oef10.csv
599;Cat4_pat17_meting2_oef11.csv
600;Cat3_pat18_meting1_oef6.csv
601;Cat4_pat6_meting2_oef22.csv
602;Cat1_pat18_meting10_oef11.csv
603;Cat2_pat35_meting10_oef2.csv
604;Cat4_pat12_meting1_oef11.csv
605;Cat1_pat30_meting10_oef5.csv
606;Cat3_pat26_meting2_oef6.csv
607;Cat3_pat15_meting2_oef3.csv
608;Cat4_pat23_meting2_oef14.csv
609;Cat1_pat6_meting10_oef4.csv
610;Cat2_pat36_meting10_oef2.csv
611;Cat3_pat25_meting1_oef2.csv
612;Cat1_pat4_meting10_oef4.csv
613;Cat2_pat2_meting10_oef2.csv
614;Cat1_pat29_meting10_oef8.csv
615;Cat1_pat18_meting10_oef9.csv
616;Cat1_pat30_meting10_oef6.csv
617;Cat3_pat12_meting1_oef2.csv
618;Cat4_pat14_meting2_oef6.csv
619;Cat3_pat15_meting1_oef5.csv
620;Cat1_pat12_meting10_oef10.csv
621;Cat4_pat24_meting2_oef7.csv
622;Cat4_pat23_meting1_oef4.csv
623;Cat2_pat26_meting10_oef4.csv
624;Cat3_pat9_meting2_oef3.csv
625;Cat2_pat12_meting10_oef10.csv
626;Cat2_pat24_meting20_oef8.csv
627;Cat2_pat22_meting10_oef8.csv
628;Cat3_pat29_meting2_oef3.csv
629;Cat2_pat28_meting10_oef8.csv
630;Cat2_pat17_meting10_oef6.csv
631;Cat4_pat6_meting1_oef6.csv
632;Cat3_pat31_meting2_oef6.csv
633;Cat2_pat36_meting10_oef7.csv
634;Cat1_pat2_meting10_oef7.csv
635;Cat2_pat11_meting20_oef8.csv
636;Cat1_pat30_meting10_oef8.csv
637;Cat4_pat17_meting2_oef22.csv
638;Cat3_pat18_meting1_oef5.csv
639;Cat4_pat17_meting1_oef6.csv
640;Cat3_pat11_meting1_oef4.csv
641;Cat2_pat37_meting10_oef9.csv
642;Cat2_pat8_meting10_oef6.csv
643;Cat1_pat5_meting10_oef9.csv
644;Cat2_pat8_meting10_oef10.csv
645;Cat3_pat27_meting1_oef3.csv
646;Cat4_pat12_meting2_oef11.csv
647;Cat2_pat24_meting20_oef5.csv
648;Cat3_pat22_meting2_oef4.csv
649;Cat3_pat26_meting1_oef2.csv
650;Cat2_pat14_meting20_oef9.csv
651;Cat1_pat30_meting10_oef3.csv
652;Cat2_pat35_meting10_oef9.csv
653;Cat2_pat32_meting20_oef11.csv
654;Cat2_pat34_meting10_oef10.csv
655;Cat1_pat13_meting10_oef5.csv
656;Cat3_pat20_meting1_oef6.csv
657;Cat1_pat29_meting10_oef7.csv
658;Cat1_pat11_meting10_oef8.csv
659;Cat2_pat1_meting20_oef9.csv
660;Cat1_pat20_meting10_oef9.csv
661;Cat2_pat29_meting20_oef7.csv
662;Cat3_pat8_meting2_oef4.csv
663;Cat4_pat17_meting1_oef11.csv
664;Cat3_pat31_meting2_oef3.csv
665;Cat3_pat29_meting1_oef6.csv
666;Cat2_pat26_meting20_oef9.csv
667;Cat1_pat24_meting10_oef11.csv
668;Cat2_pat3_meting20_oef7.csv
669;Cat4_pat23_meting2_oef3.csv
670;Cat1_pat16_meting10_oef9.csv
671;Cat4_pat12_meting1_oef22.csv
672;Cat1_pat10_meting10_oef11.csv
673;Cat3_pat34_meting2_oef6.csv
674;Cat1_pat11_meting10_oef11.csv
675;Cat2_pat2_meting20_oef3.csv
676;Cat2_pat2_meting10_oef4.csv
677;Cat3_pat25_meting2_oef4.csv
678;Cat1_pat26_meting10_oef10.csv
679;Cat3_pat30_meting1_oef2.csv
680;Cat1_pat19_meting10_oef2.csv
681;Cat4_pat20_meting2_oef7.csv
682;Cat3_pat17_meting2_oef6.csv
683;Cat4_pat17_meting1_oef22.csv
684;Cat4_pat23_meting2_oef7.csv
685;Cat2_pat33_meting20_oef6.csv
686;Cat4_pat15_meting2_oef2.csv
687;Cat1_pat27_meting10_oef11.csv
688;Cat2_pat38_meting10_oef5.csv
689;Cat4_pat24_meting1_oef19.csv
690;Cat2_pat29_meting20_oef8.csv
691;Cat2_pat33_meting10_oef2.csv
692;Cat4_pat14_meting1_oef7.csv
693;Cat4_pat15_meting2_oef22.csv
694;Cat3_pat20_meting2_oef4.csv
695;Cat4_pat12_meting2_oef6.csv
696;Cat3_pat20_meting2_oef5.csv
697;Cat2_pat23_meting10_oef4.csv
698;Cat2_pat32_meting20_oef10.csv
699;Cat2_pat32_meting20_oef9.csv
700;Cat2_pat31_meting20_oef3.csv
701;Cat4_pat6_meting1_oef8.csv
702;Cat1_pat23_meting10_oef9.csv
703;Cat4_pat17_meting1_oef7.csv
704;Cat4_pat20_meting1_oef8.csv
705;Cat3_pat28_meting1_oef5.csv
706;Cat3_pat39_meting2_oef4.csv
707;Cat2_pat15_meting20_oef10.csv
708;Cat3_pat22_meting1_oef5.csv
709;Cat4_pat20_meting1_oef4.csv
710;Cat1_pat20_meting10_oef5.csv
711;Cat2_pat10_meting20_oef4.csv
712;Cat3_pat35_meting1_oef6.csv
713;Cat2_pat22_meting20_oef11.csv
714;Cat1_pat19_meting10_oef5.csv
715;Cat1_pat29_meting10_oef2.csv
716;Cat2_pat36_meting10_oef4.csv
717;Cat4_pat11_meting1_oef6.csv
718;Cat2_pat33_meting10_oef10.csv
719;Cat1_pat15_meting10_oef6.csv
720;Cat4_pat24_meting1_oef22.csv
721;Cat3_pat5_meting1_oef5.csv
722;Cat2_pat14_meting20_oef4.csv
723;Cat4_pat20_meting1_oef11.csv
724;Cat4_pat24_meting1_oef15.csv
725;Cat2_pat11_meting20_oef11.csv
726;Cat4_pat15_meting1_oef10.csv
727;Cat3_pat15_meting1_oef4.csv
728;Cat3_pat14_meting2_oef5.csv
729;Cat2_pat9_meting10_oef6.csv
730;Cat2_pat37_meting10_oef5.csv
731;Cat1_pat16_meting10_oef8.csv
732;Cat2_pat7_meting10_oef8.csv
733;Cat2_pat31_meting20_oef2.csv
734;Cat4_pat24_meting2_oef6.csv
735;Cat2_pat36_meting10_oef5.csv
736;Cat1_pat15_meting10_oef10.csv
737;Cat4_pat23_meting1_oef10.csv
738;Cat4_pat6_meting1_oef13.csv
739;Cat4_pat23_meting2_oef6.csv
740;Cat2_pat17_meting10_oef8.csv
741;Cat3_pat32_meting1_oef6.csv
742;Cat1_pat12_meting10_oef9.csv
743;Cat2_pat30_meting10_oef4.csv
744;Cat3_pat30_meting1_oef5.csv
745;Cat4_pat11_meting1_oef22.csv
746;Cat2_pat15_meting10_oef2.csv
747;Cat3_pat26_meting1_oef5.csv
748;Cat2_pat8_meting20_oef7.csv
749;Cat3_pat24_meting1_oef5.csv
750;Cat2_pat35_meting10_oef11.csv
751;Cat1_pat1_meting10_oef8.csv
752;Cat2_pat9_meting20_oef2.csv
753;Cat2_pat36_meting10_oef3.csv
754;Cat3_pat20_meting1_oef5.csv
755;Cat3_pat30_meting1_oef3.csv
756;Cat1_pat8_meting10_oef4.csv
757;Cat4_pat20_meting2_oef11.csv
758;Cat2_pat25_meting20_oef4.csv
759;Cat3_pat6_meting2_oef3.csv
760;Cat2_pat36_meting10_oef8.csv
761;Cat2_pat30_meting20_oef7.csv
762;Cat2_pat15_meting10_oef4.csv
763;Cat1_pat19_meting10_oef8.csv
764;Cat2_pat34_meting10_oef2.csv
765;Cat4_pat20_meting1_oef10.csv
766;Cat3_pat28_meting1_oef4.csv
767;Cat2_pat34_meting10_oef6.csv
768;Cat2_pat2_meting10_oef8.csv
769;Cat1_pat23_meting10_oef6.csv
770;Cat2_pat21_meting20_oef9.csv
771;Cat1_pat26_meting10_oef4.csv
772;Cat3_pat17_meting2_oef2.csv
773;Cat2_pat26_meting20_oef2.csv
774;Cat4_pat12_meting1_oef7.csv
775;Cat1_pat19_meting10_oef7.csv
776;Cat1_pat14_meting10_oef7.csv
777;Cat3_pat35_meting1_oef2.csv
778;Cat2_pat37_meting10_oef2.csv
779;Cat3_pat37_meting2_oef4.csv
780;Cat3_pat20_meting1_oef2.csv
781;Cat2_pat32_meting10_oef8.csv
782;Cat1_pat21_meting10_oef5.csv
783;Cat2_pat10_meting20_oef3.csv
784;Cat2_pat27_meting10_oef2.csv
785;Cat2_pat3_meting10_oef2.csv
786;Cat1_pat10_meting10_oef8.csv
787;Cat2_pat38_meting10_oef2.csv
788;Cat3_pat24_meting2_oef5.csv
789;Cat4_pat12_meting2_oef22.csv
790;Cat4_pat6_meting1_oef2.csv
791;Cat2_pat21_meting20_oef8.csv
792;Cat2_pat17_meting20_oef5.csv
793;Cat1_pat15_meting10_oef11.csv
794;Cat2_pat32_meting10_oef2.csv
795;Cat3_pat27_meting1_oef6.csv
796;Cat1_pat8_meting10_oef6.csv
797;Cat1_pat21_meting10_oef11.csv
798;Cat4_pat20_meting1_oef5.csv
799;Cat2_pat20_meting10_oef2.csv
800;Cat1_pat17_meting10_oef8.csv
801;Cat2_pat9_meting10_oef8.csv
802;Cat2_pat6_meting10_oef6.csv
803;Cat3_pat6_meting2_oef6.csv
804;Cat3_pat3_meting2_oef2.csv
805;Cat3_pat17_meting2_oef5.csv
806;Cat1_pat5_meting10_oef2.csv
807;Cat1_pat2_meting10_oef5.csv
808;Cat1_pat10_meting10_oef2.csv
809;Cat4_pat15_meting2_oef11.csv
810;Cat2_pat17_meting20_oef11.csv
811;Cat4_pat24_meting1_oef10.csv
812;Cat3_pat8_meting2_oef5.csv
813;Cat1_pat6_meting10_oef11.csv
814;Cat1_pat21_meting10_oef3.csv
815;Cat1_pat26_meting10_oef3.csv
816;Cat4_pat15_meting2_oef10.csv
817;Cat1_pat22_meting10_oef10.csv
818;Cat3_pat34_meting1_oef3.csv
819;Cat1_pat17_meting10_oef10.csv
820;Cat3_pat20_meting1_oef4.csv
821;Cat2_pat2_meting20_oef10.csv
822;Cat2_pat11_meting20_oef5.csv
823;Cat3_pat25_meting2_oef6.csv
824;Cat4_pat17_meting2_oef15.csv
825;Cat4_pat6_meting1_oef11.csv
826;Cat2_pat2_meting20_oef8.csv
827;Cat2_pat11_meting20_oef4.csv
828;Cat3_pat22_meting2_oef2.csv
829;Cat3_pat26_meting2_oef3.csv
830;Cat1_pat17_meting10_oef9.csv
831;Cat4_pat11_meting1_oef2.csv
832;Cat3_pat16_meting1_oef5.csv
833;Cat3_pat9_meting1_oef5.csv
834;Cat2_pat9_meting10_oef10.csv
835;Cat1_pat7_meting10_oef3.csv
836;Cat2_pat10_meting10_oef8.csv
837;Cat3_pat33_meting1_oef3.csv
838;Cat4_pat12_meting2_oef15.csv
839;Cat4_pat23_meting1_oef11.csv
840;Cat2_pat26_meting20_oef6.csv
841;Cat2_pat1_meting20_oef3.csv
842;Cat3_pat3_meting1_oef5.csv
843;Cat4_pat24_meting1_oef3.csv
844;Cat3_pat24_meting1_oef6.csv
845;Cat2_pat28_meting20_oef2.csv
846;Cat2_pat14_meting20_oef8.csv
847;Cat2_pat21_meting20_oef11.csv
848;Cat2_pat9_meting20_oef11.csv
849;Cat4_pat20_meting1_oef14.csv
850;Cat4_pat24_meting2_oef14.csv
851;Cat4_pat15_meting2_oef19.csv
852;Cat2_pat15_meting10_oef10.csv
853;Cat2_pat10_meting20_oef8.csv
854;Cat3_pat18_meting2_oef4.csv
855;Cat4_pat6_meting1_oef19.csv
856;Cat3_pat30_meting2_oef2.csv
857;Cat4_pat23_meting1_oef12.csv
858;Cat3_pat21_meting1_oef3.csv
859;Cat3_pat33_meting1_oef6.csv
860;Cat3_pat29_meting1_oef2.csv
861;Cat3_pat9_meting1_oef4.csv
862;Cat3_pat26_meting1_oef6.csv
863;Cat2_pat17_meting10_oef4.csv
864;Cat1_pat12_meting10_oef4.csv
865;Cat2_pat21_meting20_oef3.csv
866;Cat2_pat35_meting10_oef4.csv
867;Cat2_pat24_meting10_oef10.csv
868;Cat2_pat22_meting10_oef10.csv
869;Cat2_pat22_meting10_oef4.csv
870;Cat3_pat15_meting1_oef6.csv
871;Cat4_pat23_meting1_oef6.csv
872;Cat3_pat30_meting2_oef3.csv
873;Cat3_pat15_meting1_oef2.csv
874;Cat2_pat39_meting10_oef3.csv
875;Cat1_pat27_meting10_oef10.csv
876;Cat4_pat20_meting1_oef20.csv
877;Cat3_pat38_meting2_oef4.csv
878;Cat2_pat38_meting10_oef8.csv
879;Cat4_pat20_meting2_oef15.csv
880;Cat1_pat13_meting10_oef3.csv
881;Cat1_pat22_meting10_oef5.csv
882;Cat1_pat15_meting10_oef3.csv
883;Cat3_pat32_meting1_oef2.csv
884;Cat1_pat21_meting10_oef2.csv
885;Cat1_pat2_meting10_oef6.csv
886;Cat2_pat33_meting20_oef11.csv
887;Cat1_pat19_meting10_oef4.csv
888;Cat4_pat20_meting2_oef18.csv
889;Cat4_pat11_meting1_oef18.csv
890;Cat1_pat21_meting10_oef9.csv
891;Cat3_pat31_meting1_oef3.csv
892;Cat1_pat15_meting10_oef7.csv
893;Cat1_pat17_meting10_oef4.csv
894;Cat2_pat8_meting20_oef3.csv
895;Cat1_pat19_meting10_oef3.csv
896;Cat3_pat12_meting2_oef2.csv
897;Cat1_pat26_meting10_oef2.csv
898;Cat1_pat1_meting10_oef10.csv
899;Cat3_pat15_meting2_oef4.csv
900;Cat2_pat4_meting20_oef7.csv
901;Cat2_pat4_meting10_oef4.csv
902;Cat4_pat14_meting2_oef14.csv
903;Cat1_pat19_meting10_oef6.csv
904;Cat3_pat31_meting2_oef4.csv
905;Cat2_pat38_meting10_oef3.csv
906;Cat1_pat23_meting10_oef10.csv
907;Cat3_pat38_meting1_oef6.csv
908;Cat3_pat21_meting2_oef3.csv
909;Cat2_pat7_meting20_oef4.csv
910;Cat4_pat17_meting2_oef7.csv
911;Cat2_pat14_meting10_oef4.csv
912;Cat1_pat4_meting10_oef2.csv
913;Cat4_pat11_meting2_oef3.csv
914;Cat1_pat12_meting10_oef3.csv
915;Cat1_pat22_meting10_oef8.csv
916;Cat4_pat15_meting2_oef3.csv
917;Cat2_pat18_meting10_oef2.csv
918;Cat2_pat12_meting10_oef2.csv
919;Cat3_pat34_meting1_oef5.csv
920;Cat1_pat23_meting10_oef8.csv
921;Cat1_pat1_meting10_oef5.csv
922;Cat3_pat3_meting2_oef6.csv
923;Cat2_pat32_meting20_oef6.csv
924;Cat2_pat22_meting20_oef2.csv
925;Cat2_pat23_meting20_oef2.csv
926;Cat3_pat8_meting1_oef3.csv
927;Cat2_pat32_meting10_oef6.csv
928;Cat2_pat29_meting20_oef5.csv
929;Cat2_pat17_meting20_oef2.csv
930;Cat1_pat6_meting10_oef10.csv
931;Cat2_pat33_meting20_oef7.csv
932;Cat1_pat27_meting10_oef4.csv
933;Cat1_pat11_meting10_oef10.csv
934;Cat1_pat18_meting10_oef10.csv
935;Cat2_pat29_meting10_oef2.csv
936;Cat1_pat23_meting10_oef4.csv
937;Cat2_pat3_meting20_oef5.csv
938;Cat3_pat6_meting1_oef3.csv
939;Cat2_pat7_meting20_oef5.csv
940;Cat1_pat19_meting10_oef10.csv
941;Cat1_pat20_meting10_oef8.csv
942;Cat3_pat16_meting1_oef4.csv
943;Cat2_pat29_meting10_oef6.csv
944;Cat2_pat28_meting20_oef5.csv
945;Cat2_pat30_meting10_oef10.csv
946;Cat3_pat5_meting1_oef4.csv
947;Cat3_pat33_meting1_oef5.csv
948;Cat4_pat11_meting1_oef14.csv
949;Cat3_pat13_meting1_oef3.csv
950;Cat4_pat24_meting2_oef19.csv
951;Cat3_pat20_meting2_oef3.csv
952;Cat4_pat17_meting1_oef10.csv
953;Cat2_pat10_meting10_oef2.csv
954;Cat1_pat30_meting10_oef2.csv
955;Cat2_pat39_meting10_oef7.csv
956;Cat4_pat12_meting1_oef19.csv
957;Cat2_pat7_meting20_oef7.csv
958;Cat4_pat14_meting2_oef11.csv
959;Cat4_pat23_meting1_oef16.csv
960;Cat1_pat26_meting10_oef9.csv
961;Cat1_pat3_meting10_oef8.csv
962;Cat2_pat25_meting10_oef6.csv
963;Cat2_pat11_meting20_oef7.csv
964;Cat2_pat8_meting20_oef9.csv
965;Cat1_pat14_meting10_oef10.csv
966;Cat1_pat29_meting10_oef9.csv
967;Cat4_pat24_meting2_oef3.csv
968;Cat1_pat6_meting10_oef5.csv
969;Cat1_pat7_meting10_oef7.csv
970;Cat4_pat6_meting2_oef10.csv
971;Cat1_pat10_meting10_oef3.csv
972;Cat1_pat22_meting10_oef6.csv
973;Cat3_pat37_meting2_oef6.csv
974;Cat4_pat14_meting1_oef14.csv
975;Cat2_pat24_meting10_oef2.csv
976;Cat1_pat3_meting10_oef7.csv
977;Cat4_pat11_meting2_oef22.csv
978;Cat2_pat30_meting10_oef6.csv
979;Cat2_pat25_meting20_oef5.csv
980;Cat2_pat8_meting20_oef10.csv
981;Cat1_pat26_meting10_oef11.csv
982;Cat3_pat17_meting2_oef3.csv
983;Cat3_pat30_meting2_oef6.csv
984;Cat3_pat7_meting1_oef2.csv
985;Cat2_pat26_meting20_oef11.csv
986;Cat3_pat11_meting1_oef5.csv
987;Cat1_pat18_meting10_oef4.csv
988;Cat1_pat3_meting10_oef10.csv
989;Cat4_pat23_meting1_oef5.csv
990;Cat2_pat28_meting10_oef4.csv
991;Cat2_pat8_meting20_oef6.csv
992;Cat2_pat30_meting20_oef3.csv
993;Cat3_pat28_meting1_oef2.csv
994;Cat3_pat37_meting2_oef3.csv
995;Cat3_pat14_meting2_oef3.csv
996;Cat2_pat7_meting20_oef3.csv
997;Cat4_pat24_meting1_oef2.csv
998;Cat3_pat20_meting1_oef3.csv
999;Cat2_pat38_meting10_oef4.csv
1000;Cat3_pat22_meting2_oef6.csv
1001;codevanjurriaan.zip
1002;Cat2_pat17_meting20_oef9.csv
1003;Cat4_pat6_meting2_oef6.csv
1004;Cat2_pat4_meting10_oef10.csv
1005;Cat2_pat3_meting20_oef11.csv
1006;Cat4_pat6_meting1_oef10.csv
1007;Cat2_pat15_meting20_oef9.csv
1008;Cat4_pat11_meting2_oef10.csv
1009;Cat1_pat11_meting10_oef2.csv
1010;Cat1_pat2_meting10_oef9.csv
1011;Cat4_pat17_meting1_oef19.csv
1012;Cat2_pat1_meting10_oef8.csv
1013;Cat1_pat1_meting10_oef3.csv
1014;Cat3_pat10_meting2_oef5.csv
1015;Cat3_pat9_meting1_oef3.csv
1016;Cat1_pat20_meting10_oef2.csv
1017;Cat4_pat20_meting2_oef10.csv
1018;Cat2_pat1_meting10_oef6.csv
1019;Cat3_pat39_meting1_oef4.csv
1020;Cat3_pat39_meting1_oef6.csv
1021;Cat4_pat15_meting1_oef2.csv
1022;Cat3_pat18_meting2_oef3.csv
1023;Cat3_pat34_meting1_oef6.csv
1024;Cat3_pat24_meting2_oef2.csv
1025;Cat3_pat31_meting1_oef2.csv
1026;Cat3_pat8_meting2_oef6.csv
1027;Cat3_pat14_meting1_oef5.csv
1028;Cat3_pat25_meting1_oef3.csv
1029;Cat2_pat3_meting20_oef2.csv
1030;Cat4_pat11_meting2_oef2.csv
1031;Cat1_pat4_meting10_oef6.csv
1032;Cat2_pat24_meting20_oef4.csv
1033;Cat2_pat3_meting20_oef4.csv
1034;Cat2_pat2_meting20_oef4.csv
1035;Cat2_pat24_meting20_oef2.csv
1036;Cat4_pat6_meting1_oef3.csv
1037;Cat2_pat28_meting10_oef2.csv
1038;Cat2_pat25_meting10_oef8.csv
1039;Cat1_pat27_meting10_oef8.csv
1040;Cat4_pat17_meting1_oef18.csv
1041;Cat3_pat8_meting2_oef2.csv
1042;Cat3_pat7_meting2_oef6.csv
1043;Cat2_pat26_meting20_oef3.csv
1044;Cat2_pat11_meting10_oef4.csv
1045;Cat1_pat18_meting10_oef7.csv
1046;Cat2_pat35_meting10_oef7.csv
1047;Cat1_pat14_meting10_oef6.csv
1048;Cat2_pat31_meting10_oef10.csv
1049;Cat2_pat30_meting20_oef10.csv
1050;Cat4_pat17_meting1_oef14.csv
1051;Cat2_pat9_meting10_oef4.csv
1052;Cat2_pat24_meting10_oef6.csv
1053;Cat3_pat9_meting2_oef5.csv
1054;Cat3_pat17_meting1_oef6.csv
1055;Cat2_pat4_meting20_oef10.csv
1056;Cat2_pat1_meting20_oef10.csv
1057;Cat2_pat24_meting10_oef4.csv
1058;Cat2_pat7_meting20_oef6.csv
1059;Cat2_pat33_meting20_oef2.csv
1060;Cat2_pat15_meting20_oef8.csv
1061;Cat2_pat26_meting10_oef6.csv
1062;Cat3_pat32_meting1_oef5.csv
1063;Cat1_pat12_meting10_oef2.csv
1064;Cat1_pat13_meting10_oef9.csv
1065;Cat4_pat17_meting2_oef19.csv
1066;Cat2_pat3_meting20_oef3.csv
1067;Cat2_pat18_meting10_oef6.csv
1068;Cat3_pat27_meting1_oef5.csv
1069;Cat1_pat16_meting10_oef11.csv
1070;Cat1_pat30_meting10_oef4.csv
1071;Cat2_pat24_meting20_oef9.csv
1072;Cat4_pat6_meting2_oef2.csv
1073;Cat3_pat20_meting2_oef2.csv
1074;Cat2_pat35_meting10_oef10.csv
1075;Cat3_pat25_meting1_oef6.csv
1076;Cat2_pat6_meting20_oef7.csv
1077;Cat2_pat37_meting10_oef8.csv
1078;Cat3_pat37_meting1_oef3.csv
1079;Cat4_pat12_meting1_oef2.csv
1080;Cat3_pat9_meting1_oef2.csv
1081;Cat3_pat28_meting1_oef3.csv
1082;Cat2_pat1_meting10_oef2.csv
1083;Cat3_pat31_meting1_oef4.csv
1084;Cat2_pat7_meting10_oef6.csv
1085;Cat2_pat15_meting20_oef4.csv
1086;Cat1_pat2_meting10_oef11.csv
1087;Cat4_pat17_meting1_oef15.csv
1088;Cat1_pat22_meting10_oef4.csv
1089;Cat2_pat22_meting20_oef8.csv
1090;Cat2_pat21_meting20_oef5.csv
1091;Cat2_pat9_meting20_oef8.csv
1092;Cat1_pat22_meting10_oef2.csv
1093;Cat2_pat32_meting20_oef8.csv
1094;Cat4_pat23_meting1_oef20.csv
1095;Cat1_pat26_meting10_oef8.csv
1096;Cat1_pat7_meting10_oef9.csv
1097;Cat3_pat28_meting1_oef6.csv
1098;Cat1_pat23_meting10_oef3.csv
1099;Cat2_pat32_meting20_oef5.csv
1100;Cat3_pat39_meting1_oef3.csv
1101;Cat2_pat29_meting10_oef4.csv
1102;Cat3_pat14_meting1_oef2.csv
1103;Cat2_pat29_meting10_oef10.csv
1104;Cat3_pat37_meting2_oef2.csv
1105;Cat3_pat38_meting1_oef4.csv
1106;Cat4_pat15_meting2_oef14.csv
1107;Cat1_pat1_meting10_oef4.csv
1108;Cat4_pat17_meting2_oef14.csv
1109;Cat4_pat23_meting1_oef3.csv
1110;Cat2_pat1_meting20_oef4.csv
1111;Cat2_pat8_meting20_oef4.csv
1112;Cat2_pat15_meting20_oef11.csv
1113;Cat4_pat23_meting1_oef19.csv
1114;Cat3_pat6_meting2_oef2.csv
1115;Cat4_pat12_meting1_oef14.csv
1116;Cat2_pat31_meting20_oef6.csv
1117;Cat2_pat2_meting20_oef9.csv
1118;Cat2_pat4_meting10_oef6.csv
1119;Cat2_pat28_meting20_oef9.csv
1120;Cat3_pat26_meting2_oef4.csv
1121;Cat2_pat39_meting10_oef2.csv
1122;Cat1_pat30_meting10_oef9.csv
1123;Cat2_pat14_meting20_oef3.csv
1124;Cat3_pat31_meting1_oef5.csv
1125;Cat2_pat39_meting10_oef9.csv
1126;Cat2_pat18_meting10_oef4.csv
1127;Cat2_pat1_meting20_oef5.csv
1128;Cat1_pat21_meting10_oef10.csv
1129;Cat1_pat21_meting10_oef4.csv
1130;Cat2_pat22_meting20_oef3.csv
1131;Cat3_pat7_meting1_oef5.csv
1132;Cat3_pat16_meting1_oef6.csv
1133;Cat1_pat24_meting10_oef2.csv
1134;Cat2_pat14_meting10_oef2.csv
1135;Cat2_pat23_meting20_oef8.csv
1136;Cat2_pat4_meting20_oef3.csv
1137;Cat4_pat17_meting2_oef3.csv
1138;Cat1_pat5_meting10_oef6.csv
1139;Cat1_pat16_meting10_oef2.csv
1140;Cat3_pat16_meting1_oef3.csv
1141;Cat1_pat8_meting10_oef3.csv
1142;TestDataAllPatients.csv
1143;Cat2_pat9_meting20_oef10.csv
1144;Cat3_pat21_meting2_oef6.csv
1145;Cat3_pat32_meting1_oef4.csv
1146;Cat2_pat26_meting20_oef8.csv
1147;Cat2_pat25_meting20_oef7.csv
1148;Cat2_pat8_meting10_oef4.csv
1149;Cat2_pat35_meting10_oef3.csv
1150;Cat2_pat31_meting10_oef2.csv
1151;Cat3_pat7_meting2_oef3.csv
1152;Cat2_pat3_meting20_oef8.csv
1153;Cat3_pat18_meting2_oef2.csv
1154;Cat2_pat21_meting10_oef2.csv
1155;Cat4_pat6_meting2_oef3.csv
1156;Cat2_pat21_meting20_oef2.csv
1157;Cat1_pat11_meting10_oef7.csv
1158;Cat3_pat9_meting2_oef4.csv
1159;Cat1_pat1_meting10_oef2.csv
1160;Cat4_pat14_meting2_oef18.csv
1161;Cat4_pat17_meting1_oef3.csv
1162;Cat3_pat3_meting1_oef4.csv
1163;Cat2_pat5_meting10_oef10.csv
1164;Cat3_pat37_meting1_oef2.csv
1165;Cat3_pat31_meting1_oef6.csv
1166;Cat2_pat23_meting20_oef10.csv
1167;Cat3_pat18_meting1_oef4.csv
1168;Cat3_pat34_meting2_oef5.csv
1169;Cat2_pat31_meting20_oef10.csv
1170;Cat1_pat3_meting10_oef6.csv
1171;Cat2_pat4_meting20_oef11.csv
1172;Cat4_pat11_meting2_oef11.csv
1173;Cat2_pat37_meting10_oef6.csv
1174;Cat3_pat21_meting2_oef4.csv
1175;Cat1_pat24_meting10_oef8.csv
1176;Cat3_pat14_meting1_oef3.csv
1177;Cat1_pat18_meting10_oef2.csv
1178;Cat3_pat13_meting1_oef2.csv
1179;Cat2_pat6_meting20_oef2.csv
1180;Cat2_pat32_meting20_oef3.csv
1181;Cat4_pat23_meting2_oef18.csv
1182;Cat1_pat18_meting10_oef5.csv
1183;Cat2_pat4_meting20_oef8.csv
1184;Cat1_pat13_meting10_oef2.csv
1185;Cat3_pat10_meting2_oef2.csv
1186;Cat2_pat15_meting20_oef6.csv
1187;Cat2_pat11_meting10_oef2.csv
1188;Cat2_pat6_meting10_oef4.csv
1189;Cat3_pat22_meting1_oef2.csv
1190;Cat1_pat14_meting10_oef2.csv
1191;Cat1_pat23_meting10_oef7.csv
1192;Cat3_pat29_meting1_oef3.csv
1193;Cat3_pat33_meting2_oef2.csv
1194;Cat3_pat14_meting2_oef2.csv
1195;Cat2_pat27_meting10_oef8.csv
1196;Cat2_pat37_meting10_oef3.csv
1197;Cat1_pat12_meting10_oef7.csv
1198;Cat2_pat9_meting20_oef5.csv
1199;Cat2_pat4_meting20_oef9.csv
1200;Cat1_pat21_meting10_oef6.csv
1201;Cat4_pat20_meting1_oef7.csv
1202;Cat2_pat30_meting20_oef9.csv
1203;Cat1_pat5_meting10_oef11.csv
1204;Cat2_pat39_meting10_oef8.csv
1205;Cat3_pat30_meting1_oef6.csv
1206;Cat3_pat30_meting2_oef4.csv
1207;Cat4_pat23_meting1_oef22.csv
1208;Cat2_pat15_meting20_oef2.csv
1209;Cat1_pat6_meting10_oef3.csv
1210;Cat1_pat7_meting10_oef6.csv
1211;Cat2_pat35_meting10_oef6.csv
1212;Cat2_pat11_meting20_oef2.csv
1213;Cat2_pat39_meting10_oef6.csv
1214;Cat2_pat21_meting10_oef6.csv
1215;Cat4_pat23_meting2_oef19.csv
1216;Cat2_pat6_meting10_oef10.csv
1217;Cat3_pat17_meting1_oef5.csv
1218;Cat2_pat29_meting20_oef6.csv
1219;Cat1_pat10_meting10_oef9.csv
1220;Cat2_pat37_meting10_oef4.csv
1221;Cat1_pat12_meting10_oef11.csv
1222;Cat3_pat29_meting1_oef5.csv
1223;Cat2_pat17_meting20_oef8.csv
